,Name of File,Vehicleregistrationplatebymodel
0,DataTest1.png,AD7034OE
1,DataTest2.png,A9388EX
2,DataTest3.png,B16TB
3,DataTest4.png,B1661TKZ
4,DataTest5.png,AA24ABE
5,DataTest6.png,B711V
6,DataTest7.png,B1064TFR
7,DataTest8.png,B1395TJW
8,DataTest9.png,B1270RFD
9,DataTest10.png,B1736BYH
10,DataTest11.png,B1565T7BIE
11,DataTest12.png,B1678WZMN
12,DataTest13.png,AD9313SS
13,DataTest14.png,E1036UL
14,DataTest15.png,B1801TZSY
15,DataTest16.png,B1474TJS
16,DataTest17.png,B1939PU
17,DataTest18.png,B1260TZT
18,DataTest19.png,B1376TJO
19,DataTest20.png,BQO
20,DataTest21.png,AB833241
21,DataTest22.png,B1236PZM
22,DataTest23.png,B8644PK
23,DataTest24.png,B1JKT
24,DataTest25.png,AA7084OO
25,DataTest26.png,B1131EKG
26,DataTest27.png,B10377
27,DataTest28.png,B1036UL
28,DataTest29.png,A32C
29,DataTest30.png,A9192ZM
30,DataTest31.png,B120
31,DataTest32.png,B1643TRO
32,DataTest33.png,B1390TJU
33,DataTest34.png,AB2681VDA
34,DataTest35.png,B1860EF
35,DataTest36.png,A8749FS
36,DataTest37.png,B1566FON
37,DataTest38.png,B1063SJQ
38,DataTest39.png,B1254TFX
39,DataTest40.png,B1036JY
40,DataTest41.png,AB4923UH
41,DataTest42.png,B15091UN
42,DataTest43.png,B1937T
43,DataTest44.png,B1202UL
44,DataTest45.png,B1026TNZ
45,DataTest46.png,B1724PYW
46,DataTest47.png,B1102SIN
47,DataTest48.png,AUD7034OE
48,DataTest49.png,AB4352CX
49,DataTest50.png,B1895EJB
50,DataTest51.png,B1786UJT
51,DataTest52.png,B1549RFS
52,DataTest53.png,B1869EOF
53,DataTest54.png,B1713VX
54,DataTest55.png,B1063SPW
55,DataTest56.png,B1661TKZ
56,DataTest57.png,A8014VA
57,DataTest58.png,B1873YU
58,DataTest59.png,1183
59,DataTest60.png,B1422BKFH
60,DataTest61.png,AB5278XA
61,DataTest62.png,AD418U
62,DataTest63.png,B1157Y
63,DataTest64.png,B1233RFD
64,DataTest65.png,B1031NI
65,DataTest66.png,A99JR
66,DataTest67.png,B1683SEY
67,DataTest68.png,AA7004Q
68,DataTest69.png,B1241SSW
69,DataTest70.png,B1632TLJ
70,DataTest71.png,B1907ELR
71,DataTest72.png,B1815TJD
72,DataTest73.png,B1734UJN
73,DataTest74.png,B1743EYF
74,DataTest75.png,E7075QS
75,DataTest76.png,A9535IN
76,DataTest77.png,B1523TJT
77,DataTest78.png,B1157SL
78,DataTest79.png,B1713VX
79,DataTest80.png,B1351TSS
80,DataTest81.png,A9388EX
81,DataTest82.png,B1532NKY
82,DataTest83.png,B180UU
83,DataTest84.png,B1411TVE
84,DataTest85.png,AB3787KE
85,DataTest86.png,B13RFD
86,DataTest87.png,B1903RFOD
87,DataTest88.png,AB29580H
88,DataTest89.png,AD418U
89,DataTest90.png,B1885TLP
90,DataTest91.png,B1634SSN
91,DataTest92.png,AB3511O9H
92,DataTest93.png,B1726UUA
93,DataTest94.png,B1820TJV
94,DataTest95.png,B1619UR
95,DataTest96.png,EB12851U
96,DataTest97.png,AB8644PK
97,DataTest98.png,AG9718EG
98,DataTest99.png,B15091UN
99,DataTest100.png,B1408RX
