Vehicleregistrationplate,NameofFile
B187EDA,DataTrain4.jpg
B1089VD,DataTrain5.jpg
B1972RBP,DataTrain6.jpg
AB6268YQ,DataTrain8.jpg
B1554EJA,DataTrain10.jpg
B1160BH,DataTrain11.jpg
B1032PJE,DataTrain12.jpg
B173PUT,DataTrain13.jpg
B111HSN,DataTrain14.jpg
B1254TFX,DataTrain15.jpg
B1618WYJ,DataTrain16.jpg
AD6850RD,DataTrain17.jpg
B1717UUA,DataTrain18.jpg
B1903RFD,DataTrain19.jpg
B1697ELS,DataTrain20.jpg
B1119ZB,DataTrain21.jpg
B1021KIF,DataTrain22.jpg
B1566FON,DataTrain23.jpg
B1578SJL,DataTrain24.jpg
B1075QO,DataTrain25.jpg
B1860EFT,DataTrain27.jpg
B1254TFX,DataTrain28.jpg
B1684BJN,DataTrain29.jpg
A1565E,DataTrain30.jpg
B104WSP,DataTrain31.jpg
B1946TKN,DataTrain32.jpg
B1629SJN,DataTrain33.jpg
B1157,DataTrain34.jpg
AB1727MN,DataTrain35.jpg
B1144ERW,DataTrain36.jpg
B1732PJH,DataTrain37.jpg
B1926WYF,DataTrain38.jpg
B1269EZD,DataTrain39.jpg
AB5571SA,DataTrain40.jpg
B1691TMU,DataTrain41.jpg
B1289QQ,DataTrain42.jpg
B1773UL,DataTrain43.jpg
AD8746OF,DataTrain44.jpg
A8014VA,DataTrain45.jpg
AB4158TE,DataTrain46.jpg
B1295TJD,DataTrain47.jpg
B1078QO,DataTrain48.jpg
B1898STA,DataTrain49.jpg
B1184TJD,DataTrain50.jpg
B1652UN,DataTrain51.jpg
B1819CKF,DataTrain52.jpg
B1874TLP,DataTrain53.jpg
AE5477RN,DataTrain54.jpg
B1941SRE,DataTrain55.jpg
AD9550BV,DataTrain56.jpg
A9192ZM,DataTrain57.jpg
B1596ELO,DataTrain58.jpg
A8014VA,DataTrain59.jpg
B1312SIM,DataTrain60.jpg
AA8414PB,DataTrain61.jpg
B1174NRQ,DataTrain62.jpg
AD6259QQ,DataTrain63.jpg
AB6677RU,DataTrain64.jpg
AB3650BZ,DataTrain65.jpg
B1739TZI,DataTrain67.jpg
B1541SEP,DataTrain68.jpg
B1102SIV,DataTrain70.jpg
B1145TIV,DataTrain71.jpg
B1028QO,DataTrain72.jpg
AE1624CA,DataTrain73.jpg
A9590B,DataTrain74.jpg
B1067SFP,DataTrain75.jpg
B1642SZL,DataTrain76.jpg
B1871TIG,DataTrain77.jpg
AA6290HL,DataTrain78.jpg
B1661TKZ,DataTrain80.jpg
B1634TZJ,DataTrain81.jpg
AB6941JE,DataTrain82.jpg
B1419EZE,DataTrain83.jpg
B1MAM,DataTrain84.jpg
AD9313SS,DataTrain85.jpg
B1020ERF,DataTrain87.jpg
B1036UL,DataTrain89.jpg
B1297POS,DataTrain90.jpg
B1593UN,DataTrain91.jpg
B1697TBB,DataTrain92.jpg
B1946TKN,DataTrain93.jpg
AA8144CF,DataTrain94.jpg
AB5571SA,DataTrain95.jpg
AE2593NZ,DataTrain97.jpg
AA8527BT,DataTrain98.jpg
B1326RFD,DataTrain99.jpg
AB2301VW,DataTrain100.jpg
A9590B,DataTrain101.jpg
A8055KJ,DataTrain102.jpg
B1136UZU,DataTrain103.jpg
B1876BKK,DataTrain104.jpg
AA1856CJ,DataTrain105.jpg
AB3767XY,DataTrain106.jpg
A1565DT,DataTrain107.jpg
B1887KRS,DataTrain109.jpg
B1248PC,DataTrain110.jpg
B1340UL,DataTrain111.jpg
B1029QH,DataTrain113.jpg
B1487VD,DataTrain114.jpg
B1236QZ,DataTrain115.jpg
B1668B,DataTrain116.jpg
B1211RKA,DataTrain117.jpg
B1747,DataTrain118.jpg
B1522EZG,DataTrain119.jpg
B1454EYF,DataTrain120.jpg
AD3864WI,DataTrain121.jpg
B1880ZKE,DataTrain122.jpg
B1806UTC,DataTrain123.jpg
B1305AMI,DataTrain124.jpg
AA7126FF,DataTrain125.jpg
A9388EX,DataTrain126.jpg
AIIS,DataTrain127.jpg
B1339UL,DataTrain128.jpg
AB2532QU,DataTrain129.jpg
AB6711MQ,DataTrain130.jpg
B1280QO,DataTrain131.jpg
B1045WMU,DataTrain132.jpg
B1630UJY,DataTrain133.jpg
B1218TLQ,DataTrain134.jpg
B1617RFP,DataTrain135.jpg
A7692KC,DataTrain137.jpg
AB2025XA,DataTrain138.jpg
B1221UAD,DataTrain139.jpg
B1495QO,DataTrain141.jpg
B1472PQH,DataTrain142.jpg
B1040UN,DataTrain143.jpg
B1042PJ,DataTrain144.jpg
B1679TJU,DataTrain145.jpg
B1419EZE,DataTrain146.jpg
B1781TJW,DataTrain147.jpg
B1486RFS,DataTrain148.jpg
B1460TIQ,DataTrain150.jpg
B1198TJS,DataTrain151.jpg
B1289QO,DataTrain152.jpg
B130ER,DataTrain154.jpg
A8014VA,DataTrain155.jpg
B1786BKG,DataTrain156.jpg
A9388EX,DataTrain157.jpg
B1015SJW,DataTrain158.jpg
B1493KIE,DataTrain159.jpg
B1868LK,DataTrain161.jpg
B1669TFL,DataTrain162.jpg
B1753UJQ,DataTrain163.jpg
B1827TRK,DataTrain164.jpg
B1241PQO,DataTrain165.jpg
B1166UUA,DataTrain166.jpg
A7693KC,DataTrain167.jpg
B139RFS,DataTrain168.jpg
B1079ZKM,DataTrain169.jpg
B16TB,DataTrain170.jpg
AG2020WS,DataTrain172.jpg
B1383SS,DataTrain173.jpg
AA9122J,DataTrain175.jpg
B1895EJB,DataTrain176.jpg
B1321GQ,DataTrain177.jpg
AB2070,DataTrain178.jpg
B1028QO,DataTrain179.jpg
B1588EKZ,DataTrain180.jpg
B1296TJR,DataTrain181.jpg
AE9562NJ,DataTrain182.jpg
B1006UL,DataTrain183.jpg
B1209BOE,DataTrain184.jpg
B1547UIW,DataTrain186.jpg
B1248PC,DataTrain187.jpg
B1739TZI,DataTrain188.jpg
B116NAU,DataTrain189.jpg
AB6729NC,DataTrain190.jpg
B1245UVK,DataTrain191.jpg
AB2873WI,DataTrain192.jpg
B1813TYD,DataTrain193.jpg
B1063SJQ,DataTrain194.jpg
B1859ZEA,DataTrain195.jpg
B1157YO,DataTrain196.jpg
B1468TYU,DataTrain197.jpg
B1855SLD,DataTrain198.jpg
AA2658RN,DataTrain199.jpg
B1797TJS,DataTrain200.jpg
B1697SJO,DataTrain201.jpg
B1820TJV,DataTrain202.jpg
B1245UVK,DataTrain204.jpg
B1184SSR,DataTrain205.jpg
B102HHB,DataTrain207.jpg
B1131EKG,DataTrain208.jpg
AD6562RT,DataTrain210.jpg
B1946TKN,DataTrain211.jpg
AG9424UO,DataTrain212.jpg
B1343SKR,DataTrain213.jpg
B1157Y,DataTrain214.jpg
B1408NYW,DataTrain215.jpg
B1MAM,DataTrain216.jpg
B1899ERZ,DataTrain217.jpg
B1868LK,DataTrain218.jpg
B1574WKH,DataTrain219.jpg
B102HHB,DataTrain220.jpg
AA4280RL,DataTrain221.jpg
B116NAU,DataTrain222.jpg
B1167UM,DataTrain223.jpg
B1941SRE,DataTrain224.jpg
B1380RFJ,DataTrain225.jpg
AB2056IY,DataTrain226.jpg
B1050SJK,DataTrain227.jpg
B1152ZLQ,DataTrain228.jpg
B1641KOT,DataTrain229.jpg
B1352TRU,DataTrain230.jpg
B1897NKN,DataTrain231.jpg
B111HSN,DataTrain232.jpg
B1330VD,DataTrain234.jpg
B1289QO,DataTrain235.jpg
AD99JR,DataTrain236.jpg
AD4746NW,DataTrain237.jpg
B1486TJJ,DataTrain238.jpg
B1545UJL,DataTrain239.jpg
B1487VD,DataTrain240.jpg
B1242VMC,DataTrain241.jpg
B1375TFG,DataTrain242.jpg
B1598TMZ,DataTrain243.jpg
B1549RFS,DataTrain244.jpg
B1460TIO,DataTrain245.jpg
A1818FS,DataTrain246.jpg
B1151TMO,DataTrain247.jpg
B1702ERJ,DataTrain248.jpg
AB6923UE,DataTrain249.jpg
B187EDA,DataTrain250.jpg
B1102SIV,DataTrain251.jpg
B1125VY,DataTrain253.jpg
AD418U,DataTrain254.jpg
B1265FFK,DataTrain256.jpg
A7692KC,DataTrain260.jpg
B1772TOZ,DataTrain262.jpg
AA4545DJ,DataTrain263.jpg
B1311UVL,DataTrain264.jpg
B1260TZT,DataTrain266.jpg
B1089VD,DataTrain267.jpg
B1505NJW,DataTrain268.jpg
B1781TJW,DataTrain269.jpg
B1040UN,DataTrain270.jpg
B1925KEP,DataTrain271.jpg
AA1248MB,DataTrain272.jpg
B1542TJT,DataTrain274.jpg
B1898STA,DataTrain275.jpg
B1588EKZ,DataTrain277.jpg
B1819UL,DataTrain278.jpg
B0120KXT,DataTrain279.jpg
B1015SJW,DataTrain280.jpg
B1012DFM,DataTrain281.jpg
B1855EYB,DataTrain283.jpg
B1794PJG,DataTrain284.jpg
AB1288RE,DataTrain285.jpg
B1207TJW,DataTrain286.jpg
B1581BYB,DataTrain287.jpg
B1549RFS,DataTrain288.jpg
B1028QO,DataTrain289.jpg
B1765ERB,DataTrain291.jpg
B1203BF,DataTrain292.jpg
A1398BC,DataTrain293.jpg
B1583UN,DataTrain295.jpg
B1490ZFV,DataTrain296.jpg
B1340QO,DataTrain297.jpg
B116NAU,DataTrain298.jpg
B1598QH,DataTrain299.jpg
AB8644PK,DataTrain300.jpg
B1123UL,DataTrain301.jpg
AD5423AID,DataTrain302.jpg
B11VAN,DataTrain303.jpg
A8014VA,DataTrain304.jpg
B090VD,DataTrain305.jpg
B1392RFW,DataTrain306.jpg
AB1352TQ,DataTrain307.jpg
B1468TYU,DataTrain308.jpg
B1820UL,DataTrain309.jpg
AG1136LN,DataTrain310.jpg
B1908F,DataTrain312.jpg
A8014VA,DataTrain313.jpg
B1682PJN,DataTrain314.jpg
B1358VLP,DataTrain315.jpg
B1051SMK,DataTrain316.jpg
B1258PFL,DataTrain317.jpg
B1032PJE,DataTrain318.jpg
B124SAA,DataTrain320.jpg
B1198TJS,DataTrain321.jpg
A7692KC,DataTrain323.jpg
B1183TOL,DataTrain324.jpg
AG8157U,DataTrain325.jpg
B1032NJH,DataTrain326.jpg
AB1280TT,DataTrain329.jpg
B1661TKZ,DataTrain330.jpg
A9590B,DataTrain331.jpg
B1495QO,DataTrain332.jpg
B1642SZL,DataTrain333.jpg
B1349TLR,DataTrain334.jpg
B1652UN,DataTrain335.jpg
B1280QO,DataTrain336.jpg
B1029GKI,DataTrain337.jpg
B1339UJP,DataTrain338.jpg
B1713MT,DataTrain339.jpg
B1242VMC,DataTrain340.jpg
B1913TIS,DataTrain341.jpg
B1887KRS,DataTrain342.jpg
B1058WYD,DataTrain343.jpg
B1040UN,DataTrain344.jpg
AA1248MB,DataTrain345.jpg
B1707RFS,DataTrain346.jpg
B1673UZG,DataTrain347.jpg
B1654RFS,DataTrain348.jpg
B1868LK,DataTrain349.jpg
B1110WW,DataTrain350.jpg
B1063SJQ,DataTrain351.jpg
B1093FIB,DataTrain352.jpg
AB1449KB,DataTrain353.jpg
B1930TKI,DataTrain354.jpg
AG1855VX,DataTrain355.jpg
B1642SZL,DataTrain356.jpg
B1571SMD,DataTrain357.jpg
B1089VD,DataTrain358.jpg
B1MAM,DataTrain359.jpg
B1487VD,DataTrain360.jpg
B19EDY,DataTrain361.jpg
AD1164HU,DataTrain362.jpg
B090VD,DataTrain363.jpg
B1593TZH,DataTrain364.jpg
B1921UJQ,DataTrain365.jpg
B1073QO,DataTrain366.jpg
B1713,DataTrain367.jpg
AG4134XR,DataTrain368.jpg
B1439TJY,DataTrain369.jpg
AA4792SN,DataTrain370.jpg
B1213NVK,DataTrain371.jpg
B1770TKL,DataTrain372.jpg
B1969SJD,DataTrain373.jpg
B1412RFJ,DataTrain374.jpg
B1458TBD,DataTrain376.jpg
B1652UN,DataTrain377.jpg
B1732SMJ,DataTrain378.jpg
A6973MS,DataTrain379.jpg
B1046HI,DataTrain380.jpg
B1453ZKB,DataTrain381.jpg
A8912VX,DataTrain383.jpg
B1482FRS,DataTrain384.jpg
B1825KJN,DataTrain385.jpg
B1743FYP,DataTrain386.jpg
B1741TJT,DataTrain387.jpg
B1089VD,DataTrain388.jpg
B188PMJ,DataTrain390.jpg
B1633BW,DataTrain391.jpg
AG5140VAA,DataTrain392.jpg
AD418U,DataTrain393.jpg
AE9562NJ,DataTrain395.jpg
B1563UL,DataTrain396.jpg
AB5537QJ,DataTrain397.jpg
B1834KMQ,DataTrain398.jpg
AE7296XA,DataTrain399.jpg
B1259JUE,DataTrain400.jpg
B1586WFJ,DataTrain401.jpg
B1528DR,DataTrain402.jpg
B1470TLQ,DataTrain403.jpg
B1112GJ,DataTrain404.jpg
B1855EYB,DataTrain405.jpg
B1439TJY,DataTrain406.jpg
B1873YU,DataTrain407.jpg
B1736UZX,DataTrain408.jpg
B1166UUA,DataTrain409.jpg
B1912RFS,DataTrain410.jpg
B1063SJQ,DataTrain411.jpg
B1032PJE,DataTrain412.jpg
AE7023UP,DataTrain413.jpg
B1378TYD,DataTrain414.jpg
B1076Y,DataTrain415.jpg
B1389TJT,DataTrain417.jpg
B1282TJB,DataTrain418.jpg
B1970NO,DataTrain419.jpg
B1774TIT,DataTrain420.jpg
B1MAM,DataTrain421.jpg
B1388FOC,DataTrain422.jpg
B1921TJW,DataTrain423.jpg
A1565DT,DataTrain424.jpg
B1755KZI,DataTrain425.jpg
B1159PQB,DataTrain426.jpg
AD8746OF,DataTrain427.jpg
B1752FZI,DataTrain428.jpg
AB6758ZY,DataTrain429.jpg
B1276RKA,DataTrain430.jpg
B1184TJD,DataTrain431.jpg
B1634TZJ,DataTrain434.jpg
B123MBM,DataTrain436.jpg
B1499UL,DataTrain437.jpg
B1753UJQ,DataTrain438.jpg
AD1164HU,DataTrain439.jpg
B1122HL,DataTrain440.jpg
AB6620NZ,DataTrain441.jpg
B1276PVE,DataTrain442.jpg
B1276TJH,DataTrain443.jpg
B1794TZF,DataTrain444.jpg
B1642SZL,DataTrain445.jpg
B1826UOI,DataTrain446.jpg
AG7078UI,DataTrain447.jpg
B1754NYJ,DataTrain448.jpg
B1855SL0,DataTrain449.jpg
B1191PJT,DataTrain450.jpg
B1819UL,DataTrain451.jpg
B1226TZY,DataTrain452.jpg
AB2314XY,DataTrain453.jpg
B1652UN,DataTrain454.jpg
B1819U,DataTrain455.jpg
AD8594TU,DataTrain456.jpg
B19EDY,DataTrain457.jpg
B128000,DataTrain458.jpg
B1423KZR,DataTrain459.jpg
B1684BJN,DataTrain460.jpg
B1755KZI,DataTrain461.jpg
AB4331SJ,DataTrain462.jpg
AB2491TQ,DataTrain463.jpg
AG815U,DataTrain464.jpg
B1487,DataTrain465.jpg
AB2613WC,DataTrain466.jpg
AB5152KJ,DataTrain467.jpg
B1125OP,DataTrain468.jpg
B1920TJM,DataTrain469.jpg
AG5253PH,DataTrain470.jpg
B1398TJL,DataTrain471.jpg
B1057ERC,DataTrain472.jpg
B1433DVK,DataTrain473.jpg
B1494TYU,DataTrain474.jpg
B1953TJW,DataTrain475.jpg
B1869EOF,DataTrain476.jpg
B1091PJK,DataTrain478.jpg
B1830PJK,DataTrain479.jpg
B1916SJJ,DataTrain480.jpg
B1021UJB,DataTrain481.jpg
B1765ERB,DataTrain482.jpg
B1276RKA,DataTrain483.jpg
B1864BOM,DataTrain484.jpg
B1861QH,DataTrain485.jpg
B1220SOJ,DataTrain486.jpg
B9749TIS,DataTrain487.jpg
B1136NJH,DataTrain488.jpg
AA2950UG,DataTrain489.jpg
AD8626VD,DataTrain490.jpg
AD8820CB,DataTrain491.jpg
B1184SSR,DataTrain492.jpg
B1212WZ,DataTrain493.jpg
A8763AE,DataTrain496.jpg
B1961OA,DataTrain497.jpg
AB3576XY,DataTrain498.jpg
B1965RO,DataTrain499.jpg
AD8714QT,DataTrain500.jpg
B1770TIC,DataTrain501.jpg
B1977QZ,DataTrain502.jpg
AD4995CZ,DataTrain503.jpg
B1568VD,DataTrain504.jpg
B1732PJH,DataTrain505.jpg
B1754EZF,DataTrain506.jpg
B1523NYT,DataTrain507.jpg
B1425VOM,DataTrain509.jpg
B144NTA,DataTrain510.jpg
B1972RBP,DataTrain511.jpg
B1739TZI,DataTrain512.jpg
B13NST,DataTrain513.jpg
B1404GT,DataTrain514.jpg
B1231UIR,DataTrain515.jpg
B1114WZL,DataTrain516.jpg
AB3887NL,DataTrain517.jpg
B1969SJD,DataTrain518.jpg
B1064TFR,DataTrain519.jpg
B1926WYF,DataTrain520.jpg
B1980VD,DataTrain521.jpg
B1487,DataTrain522.jpg
B1340QO,DataTrain523.jpg
B1028QO,DataTrain524.jpg
B1946TKN,DataTrain526.jpg
B1209TJY,DataTrain528.jpg
B1469TJJ,DataTrain529.jpg
AD8746OF,DataTrain530.jpg
B1830DFD,DataTrain531.jpg
AG7078UI,DataTrain532.jpg
AB3511OH,DataTrain533.jpg
B1863WW,DataTrain534.jpg
B1124SQ,DataTrain535.jpg
B1538ELS,DataTrain537.jpg
AA9080CK,DataTrain538.jpg
B1643TRO,DataTrain539.jpg
B1594ULP,DataTrain540.jpg
AB2154EA,DataTrain541.jpg
B1877TJV,DataTrain542.jpg
AB6066MF,DataTrain543.jpg
A8127J,DataTrain545.jpg
B1160RFK,DataTrain547.jpg
B1225FIS,DataTrain548.jpg
B1196BKK,DataTrain549.jpg
AB1170UU,DataTrain550.jpg
B1248FZN,DataTrain551.jpg
B1855SLO,DataTrain552.jpg
B1047QO,DataTrain553.jpg
B1236QZ,DataTrain554.jpg
AB6050JB,DataTrain555.jpg
B1112SFO,DataTrain556.jpg
B1693EYM,DataTrain557.jpg
B1358VLP,DataTrain558.jpg
AB3287UI,DataTrain559.jpg
B1946VMF,DataTrain560.jpg
B1185NJA,DataTrain561.jpg
B1038TZC,DataTrain562.jpg
B1311UVL,DataTrain563.jpg
B1939FRA,DataTrain564.jpg
B1964VD,DataTrain565.jpg
B1169TJK,DataTrain566.jpg
B1509FMW,DataTrain567.jpg
B1157YU,DataTrain568.jpg
B1276TJH,DataTrain570.jpg
AD9019IU,DataTrain572.jpg
AD2212BK,DataTrain573.jpg
AB2546LT,DataTrain574.jpg
B1073QO,DataTrain575.jpg
B1254TFX,DataTrain576.jpg
B184HMD,DataTrain577.jpg
B1278EJ,DataTrain578.jpg
AB1449DH,DataTrain579.jpg
B1340UL,DataTrain580.jpg
B1101KJO,DataTrain581.jpg
B1763QT,DataTrain583.jpg
B1059RFS,DataTrain584.jpg
B1744UN,DataTrain585.jpg
AB6213QF,DataTrain586.jpg
B1112GJ,DataTrain587.jpg
B1776EVE,DataTrain588.jpg
B1830PJK,DataTrain590.jpg
B1063SJQ,DataTrain591.jpg
AD9077PR,DataTrain592.jpg
B19EDY,DataTrain593.jpg
B1921UJQ,DataTrain594.jpg
AD8746OF,DataTrain595.jpg
B1632TJJ,DataTrain596.jpg
B1330VD,DataTrain597.jpg
B1545CL,DataTrain598.jpg
B1774TIT,DataTrain599.jpg
AA4792SN,DataTrain600.jpg
B130900,DataTrain601.jpg
B1229EYO,DataTrain602.jpg
B1937WJD,DataTrain604.jpg
B1033PQN,DataTrain605.jpg
A9529ZB,DataTrain606.jpg
AB2765LL,DataTrain607.jpg
B1691TMU,DataTrain608.jpg
B1390TMF,DataTrain609.jpg
AA510LE,DataTrain610.jpg
B1006UL,DataTrain611.jpg
B1786UJT,DataTrain612.jpg
AB5701ZJ,DataTrain613.jpg
B118GY,DataTrain614.jpg
B1819UL,DataTrain615.jpg
A7692KC,DataTrain616.jpg
B1946TKN,DataTrain617.jpg
B1439TJY,DataTrain618.jpg
B1592TJP,DataTrain619.jpg
B1289QO,DataTrain620.jpg
B1020SCZ,DataTrain621.jpg
B1439TJY,DataTrain622.jpg
AB6094XE,DataTrain623.jpg
B1160BH,DataTrain624.jpg
B1626KJM,DataTrain625.jpg
AB5410YQ,DataTrain626.jpg
AB7020RA,DataTrain627.jpg
B1665WJD,DataTrain629.jpg
B1378EFZ,DataTrain630.jpg
B1980VD,DataTrain631.jpg
B1061PJT,DataTrain632.jpg
B1692EYC,DataTrain633.jpg
AD418U,DataTrain634.jpg
B1801TZS,DataTrain635.jpg
B1568VD,DataTrain636.jpg
B1430COI,DataTrain637.jpg
B1050VKK,DataTrain638.jpg
B1164EMZ,DataTrain639.jpg
B1470TLO,DataTrain640.jpg
B1547UIW,DataTrain641.jpg
B1879TFO,DataTrain642.jpg
B1802EOZ,DataTrain643.jpg
B1NTK,DataTrain644.jpg
B1980VD,DataTrain645.jpg
B1895WLT,DataTrain646.jpg
B1159TJF,DataTrain647.jpg
B1323NYX,DataTrain648.jpg
B1758KRX,DataTrain649.jpg
B1100SZO,DataTrain650.jpg
B1494BJK,DataTrain651.jpg
B1045WMU,DataTrain652.jpg
B1794PJG,DataTrain653.jpg
B1389TJT,DataTrain654.jpg
B1578SJL,DataTrain655.jpg
AB2613WC,DataTrain657.jpg
B1100SZD,DataTrain658.jpg
AD6118BFE,DataTrain661.jpg
B1080PED,DataTrain662.jpg
B1445TIF,DataTrain663.jpg
B1508EZE,DataTrain664.jpg
B1925SYG,DataTrain665.jpg
AB8861FD,DataTrain667.jpg
B1073QO,DataTrain668.jpg
B1578TJI,DataTrain670.jpg
B1253BAC,DataTrain671.jpg
B1713M,DataTrain672.jpg
B1031QO,DataTrain673.jpg
B1770TKL,DataTrain674.jpg
B1433UN,DataTrain675.jpg
B121PQO,DataTrain676.jpg
B1633BW,DataTrain677.jpg
AE7296XA,DataTrain678.jpg
B1672KVF,DataTrain679.jpg
B1815TJQ,DataTrain680.jpg
B1690ZKL,DataTrain681.jpg
B1252NZD,DataTrain682.jpg
B15MAH,DataTrain683.jpg
AB3351ZU,DataTrain684.jpg
B1560UN,DataTrain685.jpg
B1670TLR,DataTrain686.jpg
B1833TVG,DataTrain687.jpg
B1486RFS,DataTrain688.jpg
B1229EYO,DataTrain689.jpg
AB1195FX,DataTrain690.jpg
B1820UL,DataTrain691.jpg
AG8548EH,DataTrain692.jpg
B1102PZW,DataTrain693.jpg
B1682SJI,DataTrain694.jpg
AB4131ME,DataTrain695.jpg
B1963TFU,DataTrain696.jpg
A9529ZB,DataTrain697.jpg
B1058YEB,DataTrain698.jpg
B1658YU,DataTrain699.jpg
B1532NKY,DataTrain700.jpg
A7693KC,DataTrain701.jpg
B1408RX,DataTrain702.jpg
B1326TMS,DataTrain703.jpg
B1322BFD,DataTrain704.jpg
B1559UN,DataTrain705.jpg
B1339UL,DataTrain706.jpg
B1152ZLQ,DataTrain707.jpg
B1239TJP,DataTrain708.jpg
AB4150KE,DataTrain709.jpg
A9583B,DataTrain710.jpg
B1672KVF,DataTrain711.jpg
B1339RFD,DataTrain712.jpg
B1767TJR,DataTrain713.jpg
B1603BVK,DataTrain716.jpg
AD6259QQ,DataTrain717.jpg
B1817UL,DataTrain718.jpg
B1457TJI,DataTrain719.jpg
B1509POQ,DataTrain720.jpg
B1739TZI,DataTrain721.jpg
B1658KRF,DataTrain722.jpg
B1358VLP,DataTrain723.jpg
B1036EYB,DataTrain724.jpg
B1310EMS,DataTrain726.jpg
B1642TRW,DataTrain727.jpg
B1543VOS,DataTrain728.jpg
AD9112BZ,DataTrain731.jpg
B1047QO,DataTrain732.jpg
B1877TJV,DataTrain733.jpg
B1641VOR,DataTrain734.jpg
B1641KOT,DataTrain735.jpg
B1392TJV,DataTrain736.jpg
B1646EYO,DataTrain737.jpg
AB2231AT,DataTrain738.jpg
AD1558BN,DataTrain739.jpg
B1336PIZ,DataTrain740.jpg
B1860KQ,DataTrain741.jpg
B1690ZKL,DataTrain742.jpg
B1757VKB,DataTrain744.jpg
B1038TZC,DataTrain745.jpg
B1614TJR,DataTrain746.jpg
AB6506CD,DataTrain747.jpg
AB6315SE,DataTrain748.jpg
B1278EJ,DataTrain749.jpg
AF1235FQ,DataTrain750.jpg
B1047QO,DataTrain751.jpg
B1977QZ,DataTrain752.jpg
B1481UJV,DataTrain753.jpg
B1076Y,DataTrain754.jpg
B1361TJS,DataTrain756.jpg
B1975FEA,DataTrain757.jpg
B1682PJN,DataTrain758.jpg
B1770TKL,DataTrain759.jpg
B13NST,DataTrain760.jpg
AG5836RBV,DataTrain762.jpg
AD9077PR,DataTrain763.jpg
B1502SYQ,DataTrain765.jpg
B1330NK,DataTrain766.jpg
B1877TJV,DataTrain767.jpg
B1738VFV,DataTrain768.jpg
AD9112BZ,DataTrain769.jpg
B1330NK,DataTrain771.jpg
B1719BYN,DataTrain772.jpg
AB1861XN,DataTrain773.jpg
A8014VA,DataTrain774.jpg
B1274BJB,DataTrain775.jpg
B1963TFU,DataTrain776.jpg
B1674TJK,DataTrain777.jpg
B1690BAC,DataTrain778.jpg
B1964VD,DataTrain779.jpg
A7703KC,DataTrain781.jpg
B1160RFK,DataTrain782.jpg
B1538ELS,DataTrain784.jpg
A1398BC,DataTrain785.jpg
B1559UN,DataTrain786.jpg
B1913TIS,DataTrain787.jpg
AB1164PU,DataTrain789.jpg
AB1473RI,DataTrain790.jpg
B1802EOZ,DataTrain791.jpg
A8815VX,DataTrain792.jpg
AB1364AN,DataTrain794.jpg
B1677EJC,DataTrain796.jpg
B1743VO,DataTrain797.jpg
AD1416YD,DataTrain798.jpg
