;Vehicleregistrationplate;NameofFile
0;A7814;DataTrain1.png
1;B1074QO;DataTrain2.png
2;B1031QO;DataTrain3.png
3;B187EDA;DataTrain4.png
4;B1089VD;DataTrain5.png
5;B1972RBP;DataTrain6.png
6;AB2400WU;DataTrain7.png
7;AB6268YQ;DataTrain8.png
8;A8014VA;DataTrain9.png
9;B1554EJA;DataTrain10.png
10;B1160BH;DataTrain11.png
11;B1032PJE;DataTrain12.png
12;B173PUT;DataTrain13.png
13;B111HSN;DataTrain14.png
14;B1254TFX;DataTrain15.png
15;B1618WYJ;DataTrain16.png
16;AD6850RD;DataTrain17.png
17;B1717UUA;DataTrain18.png
18;B1903RFD;DataTrain19.png
19;B1697ELS;DataTrain20.png
20;B1119ZB;DataTrain21.png
21;B1021KIF;DataTrain22.png
22;B1566FON;DataTrain23.png
23;B1578SJL;DataTrain24.png
24;B1075QO;DataTrain25.png
25;AB6691FU;DataTrain26.png
26;B1860EFT;DataTrain27.png
27;B1254TFX;DataTrain28.png
28;B1684BJN;DataTrain29.png
29;A1565E;DataTrain30.png
30;B104WSP;DataTrain31.png
31;B1946TKN;DataTrain32.png
32;B1629SJN;DataTrain33.png
33;B1157;DataTrain34.png
34;AB1727MN;DataTrain35.png
35;B1144ERW;DataTrain36.png
36;B1732PJH;DataTrain37.png
37;B1926WYF;DataTrain38.png
38;B1269EZD;DataTrain39.png
39;AB5571SA;DataTrain40.png
40;B1691TMU;DataTrain41.png
41;B1289QQ;DataTrain42.png
42;B1773UL;DataTrain43.png
43;AD8746OF;DataTrain44.png
44;A8014VA;DataTrain45.png
45;AB4158TE;DataTrain46.png
46;B1295TJD;DataTrain47.png
47;B1078QO;DataTrain48.png
48;B1898STA;DataTrain49.png
49;B1184TJD;DataTrain50.png
50;B1652UN;DataTrain51.png
51;B1819CKF;DataTrain52.png
52;B1874TLP;DataTrain53.png
53;AE5477RN;DataTrain54.png
54;B1941SRE;DataTrain55.png
55;AD9550BV;DataTrain56.png
56;A9192ZM;DataTrain57.png
57;B1596ELO;DataTrain58.png
58;A8014VA;DataTrain59.png
59;B1312SIM;DataTrain60.png
60;AA8414PB;DataTrain61.png
61;B1174NRQ;DataTrain62.png
62;AD6259QQ;DataTrain63.png
63;AB6677RU;DataTrain64.png
64;AB3650BZ;DataTrain65.png
65;B1074QO;DataTrain66.png
66;B1739TZI;DataTrain67.png
67;B1541SEP;DataTrain68.png
68;B1487VD;DataTrain69.png
69;B1102SIV;DataTrain70.png
70;B1145TIV;DataTrain71.png
71;B1028QO;DataTrain72.png
72;AE1624CA;DataTrain73.png
73;A9590B;DataTrain74.png
74;B1067SFP;DataTrain75.png
75;B1642SZL;DataTrain76.png
76;B1871TIG;DataTrain77.png
77;AA6290HL;DataTrain78.png
78;AE4996VI;DataTrain79.png
79;B1661TKZ;DataTrain80.png
80;B1634TZJ;DataTrain81.png
81;AB6941JE;DataTrain82.png
82;B1419EZE;DataTrain83.png
83;B1MAM;DataTrain84.png
84;AD9313SS;DataTrain85.png
85;B1019TIN;DataTrain86.png
86;B1020ERF;DataTrain87.png
87;B1016WBF;DataTrain88.png
88;B1036UL;DataTrain89.png
89;B1297POS;DataTrain90.png
90;B1593UN;DataTrain91.png
91;B1697TBB;DataTrain92.png
92;B1946TKN;DataTrain93.png
93;AA8144CF;DataTrain94.png
94;AB5571SA;DataTrain95.png
95;B129JE;DataTrain96.png
96;AE2593NZ;DataTrain97.png
97;AA8527BT;DataTrain98.png
98;B1326RFD;DataTrain99.png
99;AB2301VW;DataTrain100.png
100;A9590B;DataTrain101.png
101;A8055KJ;DataTrain102.png
102;B1136UZU;DataTrain103.png
103;B1876BKK;DataTrain104.png
104;AA1856CJ;DataTrain105.png
105;AB3767XY;DataTrain106.png
106;A1565DT;DataTrain107.png
107;AB2241VY;DataTrain108.png
108;B1887KRS;DataTrain109.png
109;B1248PC;DataTrain110.png
110;B1340UL;DataTrain111.png
111;A9583B;DataTrain112.png
112;B1029QH;DataTrain113.png
113;B1487VD;DataTrain114.png
114;B1236QZ;DataTrain115.png
115;B1668B;DataTrain116.png
116;B1211RKA;DataTrain117.png
117;B1747;DataTrain118.png
118;B1522EZG;DataTrain119.png
119;B1454EYF;DataTrain120.png
120;AD3864WI;DataTrain121.png
121;B1880ZKE;DataTrain122.png
122;B1806UTC;DataTrain123.png
123;B1305AMI;DataTrain124.png
124;AA7126FF;DataTrain125.png
125;A9388EX;DataTrain126.png
126;AIIS;DataTrain127.png
127;B1339UL;DataTrain128.png
128;AB2532QU;DataTrain129.png
129;AB6711MQ;DataTrain130.png
130;B1280QO;DataTrain131.png
131;B1045WMU;DataTrain132.png
132;B1630UJY;DataTrain133.png
133;B1218TLQ;DataTrain134.png
134;B1617RFP;DataTrain135.png
135;AA7211QO;DataTrain136.png
136;A7692KC;DataTrain137.png
137;AB2025XA;DataTrain138.png
138;B1221UAD;DataTrain139.png
139;B1937TAG;DataTrain140.png
140;B1495QO;DataTrain141.png
141;B1472PQH;DataTrain142.png
142;B1040UN;DataTrain143.png
143;B1042PJ;DataTrain144.png
144;B1679TJU;DataTrain145.png
145;B1419EZE;DataTrain146.png
146;B1781TJW;DataTrain147.png
147;B1486RFS;DataTrain148.png
148;B1902TOX;DataTrain149.png
149;B1460TIQ;DataTrain150.png
150;B1198TJS;DataTrain151.png
151;B1289QO;DataTrain152.png
152;B1117KVE;DataTrain153.png
153;B130ER;DataTrain154.png
154;A8014VA;DataTrain155.png
155;B1786BKG;DataTrain156.png
156;A9388EX;DataTrain157.png
157;B1015SJW;DataTrain158.png
158;B1493KIE;DataTrain159.png
159;B1378EM;DataTrain160.png
160;B1868LK;DataTrain161.png
161;B1669TFL;DataTrain162.png
162;B1753UJQ;DataTrain163.png
163;B1827TRK;DataTrain164.png
164;B1241PQO;DataTrain165.png
165;B1166UUA;DataTrain166.png
166;A7693KC;DataTrain167.png
167;B139RFS;DataTrain168.png
168;B1079ZKM;DataTrain169.png
169;B16TB;DataTrain170.png
170;B0120KXT;DataTrain171.png
171;AG2020WS;DataTrain172.png
172;B1383SS;DataTrain173.png
173;B1783NKV;DataTrain174.png
174;AA9122J;DataTrain175.png
175;B1895EJB;DataTrain176.png
176;B1321GQ;DataTrain177.png
177;AB2070;DataTrain178.png
178;B1028QO;DataTrain179.png
179;B1588EKZ;DataTrain180.png
180;B1296TJR;DataTrain181.png
181;AE9562NJ;DataTrain182.png
182;B1006UL;DataTrain183.png
183;B1209BOE;DataTrain184.png
184;B1157SSL;DataTrain185.png
185;B1547UIW;DataTrain186.png
186;B1248PC;DataTrain187.png
187;B1739TZI;DataTrain188.png
188;B116NAU;DataTrain189.png
189;AB6729NC;DataTrain190.png
190;B1245UVK;DataTrain191.png
191;AB2873WI;DataTrain192.png
192;B1813TYD;DataTrain193.png
193;B1063SJQ;DataTrain194.png
194;B1859ZEA;DataTrain195.png
195;B1157YO;DataTrain196.png
196;B1468TYU;DataTrain197.png
197;B1855SLD;DataTrain198.png
198;AA2658RN;DataTrain199.png
199;B1797TJS;DataTrain200.png
200;B1697SJO;DataTrain201.png
201;B1820TJV;DataTrain202.png
202;B1808TU;DataTrain203.png
203;B1245UVK;DataTrain204.png
204;B1184SSR;DataTrain205.png
205;AA4314HV;DataTrain206.png
206;B102HHB;DataTrain207.png
207;B1131EKG;DataTrain208.png
208;B1070QO;DataTrain209.png
209;AD6562RT;DataTrain210.png
210;B1946TKN;DataTrain211.png
211;AG9424UO;DataTrain212.png
212;B1343SKR;DataTrain213.png
213;B1157Y;DataTrain214.png
214;B1408NYW;DataTrain215.png
215;B1MAM;DataTrain216.png
216;B1899ERZ;DataTrain217.png
217;B1868LK;DataTrain218.png
218;B1574WKH;DataTrain219.png
219;B102HHB;DataTrain220.png
220;AA4280RL;DataTrain221.png
221;B116NAU;DataTrain222.png
222;B1167UM;DataTrain223.png
223;B1941SRE;DataTrain224.png
224;B1380RFJ;DataTrain225.png
225;AB2056IY;DataTrain226.png
226;B1050SJK;DataTrain227.png
227;B1152ZLQ;DataTrain228.png
228;B1641KOT;DataTrain229.png
229;B1352TRU;DataTrain230.png
230;B1897NKN;DataTrain231.png
231;B111HSN;DataTrain232.png
232;AD3340OJ;DataTrain233.png
233;B1330VD;DataTrain234.png
234;B1289QO;DataTrain235.png
235;AD99JR;DataTrain236.png
236;AD4746NW;DataTrain237.png
237;B1486TJJ;DataTrain238.png
238;B1545UJL;DataTrain239.png
239;B1487VD;DataTrain240.png
240;B1242VMC;DataTrain241.png
241;B1375TFG;DataTrain242.png
242;B1598TMZ;DataTrain243.png
243;B1549RFS;DataTrain244.png
244;B1460TIO;DataTrain245.png
245;A1818FS;DataTrain246.png
246;B1151TMO;DataTrain247.png
247;B1702ERJ;DataTrain248.png
248;AB6923UE;DataTrain249.png
249;B187EDA;DataTrain250.png
250;B1102SIV;DataTrain251.png
251;A9583B;DataTrain252.png
252;B1125VY;DataTrain253.png
253;AD418U;DataTrain254.png
254;B1309SRU;DataTrain255.png
255;B1265FFK;DataTrain256.png
256;A9585B;DataTrain257.png
257;A317;DataTrain258.png
258;AB6041DH;DataTrain259.png
259;A7692KC;DataTrain260.png
260;B1345QO;DataTrain261.png
261;B1772TOZ;DataTrain262.png
262;AA4545DJ;DataTrain263.png
263;B1311UVL;DataTrain264.png
264;B1260UL;DataTrain265.png
265;B1260TZT;DataTrain266.png
266;B1089VD;DataTrain267.png
267;B1505NJW;DataTrain268.png
268;B1781TJW;DataTrain269.png
269;B1040UN;DataTrain270.png
270;B1925KEP;DataTrain271.png
271;AA1248MB;DataTrain272.png
272;B1617QZ;DataTrain273.png
273;B1542TJT;DataTrain274.png
274;B1898STA;DataTrain275.png
275;B1340UL;DataTrain276.png
276;B1588EKZ;DataTrain277.png
277;B1819UL;DataTrain278.png
278;B0120KXT;DataTrain279.png
279;B1015SJW;DataTrain280.png
280;B1012DFM;DataTrain281.png
281;B1216TRD;DataTrain282.png
282;B1855EYB;DataTrain283.png
283;B1794PJG;DataTrain284.png
284;AB1288RE;DataTrain285.png
285;B1207TJW;DataTrain286.png
286;B1581BYB;DataTrain287.png
287;B1549RFS;DataTrain288.png
288;B1028QO;DataTrain289.png
289;B1135SGM;DataTrain290.png
290;B1765ERB;DataTrain291.png
291;B1203BF;DataTrain292.png
292;A1398BC;DataTrain293.png
293;B1314PVF;DataTrain294.png
294;B1583UN;DataTrain295.png
295;B1490ZFV;DataTrain296.png
296;B1340QO;DataTrain297.png
297;B116NAU;DataTrain298.png
298;B1598QH;DataTrain299.png
299;AB8644PK;DataTrain300.png
300;B1123UL;DataTrain301.png
301;AD5423AID;DataTrain302.png
302;B11VAN;DataTrain303.png
303;A8014VA;DataTrain304.png
304;B090VD;DataTrain305.png
305;B1392RFW;DataTrain306.png
306;AB1352TQ;DataTrain307.png
307;B1468TYU;DataTrain308.png
308;B1820UL;DataTrain309.png
309;AG1136LN;DataTrain310.png
310;B1840TJK;DataTrain311.png
311;B1908F;DataTrain312.png
312;A8014VA;DataTrain313.png
313;B1682PJN;DataTrain314.png
314;B1358VLP;DataTrain315.png
315;B1051SMK;DataTrain316.png
316;B1258PFL;DataTrain317.png
317;B1032PJE;DataTrain318.png
318;B1158FCR;DataTrain319.png
319;B124SAA;DataTrain320.png
320;B1198TJS;DataTrain321.png
321;B1210DFO;DataTrain322.png
322;A7692KC;DataTrain323.png
323;B1183TOL;DataTrain324.png
324;AG8157U;DataTrain325.png
325;B1032NJH;DataTrain326.png
326;B1254TFX;DataTrain327.png
327;B1451UN;DataTrain328.png
328;AB1280TT;DataTrain329.png
329;B1661TKZ;DataTrain330.png
330;A9590B;DataTrain331.png
331;B1495QO;DataTrain332.png
332;B1642SZL;DataTrain333.png
333;B1349TLR;DataTrain334.png
334;B1652UN;DataTrain335.png
335;B1280QO;DataTrain336.png
336;B1029GKI;DataTrain337.png
337;B1339UJP;DataTrain338.png
338;B1713MT;DataTrain339.png
339;B1242VMC;DataTrain340.png
340;B1913TIS;DataTrain341.png
341;B1887KRS;DataTrain342.png
342;B1058WYD;DataTrain343.png
343;B1040UN;DataTrain344.png
344;AA1248MB;DataTrain345.png
345;B1707RFS;DataTrain346.png
346;B1673UZG;DataTrain347.png
347;B1654RFS;DataTrain348.png
348;B1868LK;DataTrain349.png
349;B1110WW;DataTrain350.png
350;B1063SJQ;DataTrain351.png
351;B1093FIB;DataTrain352.png
352;AB1449KB;DataTrain353.png
353;B1930TKI;DataTrain354.png
354;AG1855VX;DataTrain355.png
355;B1642SZL;DataTrain356.png
356;B1571SMD;DataTrain357.png
357;B1089VD;DataTrain358.png
358;B1MAM;DataTrain359.png
359;B1487VD;DataTrain360.png
360;B19EDY;DataTrain361.png
361;AD1164HU;DataTrain362.png
362;B090VD;DataTrain363.png
363;B1593TZH;DataTrain364.png
364;B1921UJQ;DataTrain365.png
365;B1073QO;DataTrain366.png
366;B1713;DataTrain367.png
367;AG4134XR;DataTrain368.png
368;B1439TJY;DataTrain369.png
369;AA4792SN;DataTrain370.png
370;B1213NVK;DataTrain371.png
371;B1770TKL;DataTrain372.png
372;B1969SJD;DataTrain373.png
373;B1412RFJ;DataTrain374.png
374;AB6401RI;DataTrain375.png
375;B1458TBD;DataTrain376.png
376;B1652UN;DataTrain377.png
377;B1732SMJ;DataTrain378.png
378;A6973MS;DataTrain379.png
379;B1046HI;DataTrain380.png
380;B1453ZKB;DataTrain381.png
381;B1562PI;DataTrain382.png
382;A8912VX;DataTrain383.png
383;B1482FRS;DataTrain384.png
384;B1825KJN;DataTrain385.png
385;B1743FYP;DataTrain386.png
386;B1741TJT;DataTrain387.png
387;B1089VD;DataTrain388.png
388;B1169SJE;DataTrain389.png
389;B188PMJ;DataTrain390.png
390;B1633BW;DataTrain391.png
391;AG5140VAA;DataTrain392.png
392;AD418U;DataTrain393.png
393;B1484QH;DataTrain394.png
394;AE9562NJ;DataTrain395.png
395;B1563UL;DataTrain396.png
396;AB5537QJ;DataTrain397.png
397;B1834KMQ;DataTrain398.png
398;AE7296XA;DataTrain399.png
399;B1259JUE;DataTrain400.png
400;B1586WFJ;DataTrain401.png
401;B1528DR;DataTrain402.png
402;B1470TLQ;DataTrain403.png
403;B1112GJ;DataTrain404.png
404;B1855EYB;DataTrain405.png
405;B1439TJY;DataTrain406.png
406;B1873YU;DataTrain407.png
407;B1736UZX;DataTrain408.png
408;B1166UUA;DataTrain409.png
409;B1912RFS;DataTrain410.png
410;B1063SJQ;DataTrain411.png
411;B1032PJE;DataTrain412.png
412;AE7023UP;DataTrain413.png
413;B1378TYD;DataTrain414.png
414;B1076Y;DataTrain415.png
415;B17QO;DataTrain416.png
416;B1389TJT;DataTrain417.png
417;B1282TJB;DataTrain418.png
418;B1970NO;DataTrain419.png
419;B1774TIT;DataTrain420.png
420;B1MAM;DataTrain421.png
421;B1388FOC;DataTrain422.png
422;B1921TJW;DataTrain423.png
423;A1565DT;DataTrain424.png
424;B1755KZI;DataTrain425.png
425;B1159PQB;DataTrain426.png
426;AD8746OF;DataTrain427.png
427;B1752FZI;DataTrain428.png
428;AB6758ZY;DataTrain429.png
429;B1276RKA;DataTrain430.png
430;B1184TJD;DataTrain431.png
431;AB5915KJ;DataTrain432.png
432;A9583B;DataTrain433.png
433;B1634TZJ;DataTrain434.png
434;B1493QO;DataTrain435.png
435;B123MBM;DataTrain436.png
436;B1499UL;DataTrain437.png
437;B1753UJQ;DataTrain438.png
438;AD1164HU;DataTrain439.png
439;B1122HL;DataTrain440.png
440;AB6620NZ;DataTrain441.png
441;B1276PVE;DataTrain442.png
442;B1276TJH;DataTrain443.png
443;B1794TZF;DataTrain444.png
444;B1642SZL;DataTrain445.png
445;B1826UOI;DataTrain446.png
446;AG7078UI;DataTrain447.png
447;B1754NYJ;DataTrain448.png
448;B1855SL0;DataTrain449.png
449;B1191PJT;DataTrain450.png
450;B1819UL;DataTrain451.png
451;B1226TZY;DataTrain452.png
452;AB2314XY;DataTrain453.png
453;B1652UN;DataTrain454.png
454;B1819U;DataTrain455.png
455;AD8594TU;DataTrain456.png
456;B19EDY;DataTrain457.png
457;B128000;DataTrain458.png
458;B1423KZR;DataTrain459.png
459;B1684BJN;DataTrain460.png
460;B1755KZI;DataTrain461.png
461;AB4331SJ;DataTrain462.png
462;AB2491TQ;DataTrain463.png
463;AG815U;DataTrain464.png
464;B1487;DataTrain465.png
465;AB2613WC;DataTrain466.png
466;AB5152KJ;DataTrain467.png
467;B1125OP;DataTrain468.png
468;B1920TJM;DataTrain469.png
469;AG5253PH;DataTrain470.png
470;B1398TJL;DataTrain471.png
471;B1057ERC;DataTrain472.png
472;B1433DVK;DataTrain473.png
473;B1494TYU;DataTrain474.png
474;B1953TJW;DataTrain475.png
475;B1869EOF;DataTrain476.png
476;AB5701ZJ;DataTrain477.png
477;B1091PJK;DataTrain478.png
478;B1830PJK;DataTrain479.png
479;B1916SJJ;DataTrain480.png
480;B1021UJB;DataTrain481.png
481;B1765ERB;DataTrain482.png
482;B1276RKA;DataTrain483.png
483;B1864BOM;DataTrain484.png
484;B1861QH;DataTrain485.png
485;B1220SOJ;DataTrain486.png
486;B9749TIS;DataTrain487.png
487;B1136NJH;DataTrain488.png
488;AA2950UG;DataTrain489.png
489;AD8626VD;DataTrain490.png
490;AD8820CB;DataTrain491.png
491;B1184SSR;DataTrain492.png
492;B1212WZ;DataTrain493.png
493;AB2636ZU;DataTrain494.png
494;B1717KI;DataTrain495.png
495;A8763AE;DataTrain496.png
496;B1961OA;DataTrain497.png
497;AB3576XY;DataTrain498.png
498;B1965RO;DataTrain499.png
499;AD8714QT;DataTrain500.png
500;B1770TIC;DataTrain501.png
501;B1977QZ;DataTrain502.png
502;AD4995CZ;DataTrain503.png
503;B1568VD;DataTrain504.png
504;B1732PJH;DataTrain505.png
505;B1754EZF;DataTrain506.png
506;B1523NYT;DataTrain507.png
507;AG956IKI;DataTrain508.png
508;B1425VOM;DataTrain509.png
509;B144NTA;DataTrain510.png
510;B1972RBP;DataTrain511.png
511;B1739TZI;DataTrain512.png
512;B13NST;DataTrain513.png
513;B1404GT;DataTrain514.png
514;B1231UIR;DataTrain515.png
515;B1114WZL;DataTrain516.png
516;AB3887NL;DataTrain517.png
517;B1969SJD;DataTrain518.png
518;B1064TFR;DataTrain519.png
519;B1926WYF;DataTrain520.png
520;B1980VD;DataTrain521.png
521;B1487;DataTrain522.png
522;B1340QO;DataTrain523.png
523;B1028QO;DataTrain524.png
524;A9590B;DataTrain525.png
525;B1946TKN;DataTrain526.png
526;B1047QO;DataTrain527.png
527;B1209TJY;DataTrain528.png
528;B1469TJJ;DataTrain529.png
529;AD8746OF;DataTrain530.png
530;B1830DFD;DataTrain531.png
531;AG7078UI;DataTrain532.png
532;AB3511OH;DataTrain533.png
533;B1863WW;DataTrain534.png
534;B1124SQ;DataTrain535.png
535;AA3509FN;DataTrain536.png
536;B1538ELS;DataTrain537.png
537;AA9080CK;DataTrain538.png
538;B1643TRO;DataTrain539.png
539;B1594ULP;DataTrain540.png
540;AB2154EA;DataTrain541.png
541;B1877TJV;DataTrain542.png
542;AB6066MF;DataTrain543.png
543;B1394SMH;DataTrain544.png
544;A8127J;DataTrain545.png
545;B1451UN;DataTrain546.png
546;B1160RFK;DataTrain547.png
547;B1225FIS;DataTrain548.png
548;B1196BKK;DataTrain549.png
549;AB1170UU;DataTrain550.png
550;B1248FZN;DataTrain551.png
551;B1855SLO;DataTrain552.png
552;B1047QO;DataTrain553.png
553;B1236QZ;DataTrain554.png
554;AB6050JB;DataTrain555.png
555;B1112SFO;DataTrain556.png
556;B1693EYM;DataTrain557.png
557;B1358VLP;DataTrain558.png
558;AB3287UI;DataTrain559.png
559;B1946VMF;DataTrain560.png
560;B1185NJA;DataTrain561.png
561;B1038TZC;DataTrain562.png
562;B1311UVL;DataTrain563.png
563;B1939FRA;DataTrain564.png
564;B1964VD;DataTrain565.png
565;B1169TJK;DataTrain566.png
566;B1509FMW;DataTrain567.png
567;B1157YU;DataTrain568.png
568;AD1124SD;DataTrain569.png
569;B1276TJH;DataTrain570.png
570;B188SIP;DataTrain571.png
571;AD9019IU;DataTrain572.png
572;AD2212BK;DataTrain573.png
573;AB2546LT;DataTrain574.png
574;B1073QO;DataTrain575.png
575;B1254TFX;DataTrain576.png
576;B184HMD;DataTrain577.png
577;B1278EJ;DataTrain578.png
578;AB1449DH;DataTrain579.png
579;B1340UL;DataTrain580.png
580;B1101KJO;DataTrain581.png
581;B1324EON;DataTrain582.png
582;B1763QT;DataTrain583.png
583;B1059RFS;DataTrain584.png
584;B1744UN;DataTrain585.png
585;AB6213QF;DataTrain586.png
586;B1112GJ;DataTrain587.png
587;B1776EVE;DataTrain588.png
588;AD8888KJ;DataTrain589.png
589;B1830PJK;DataTrain590.png
590;B1063SJQ;DataTrain591.png
591;AD9077PR;DataTrain592.png
592;B19EDY;DataTrain593.png
593;B1921UJQ;DataTrain594.png
594;AD8746OF;DataTrain595.png
595;B1632TJJ;DataTrain596.png
596;B1330VD;DataTrain597.png
597;B1545CL;DataTrain598.png
598;B1774TIT;DataTrain599.png
599;AA4792SN;DataTrain600.png
600;B130900;DataTrain601.png
601;B1229EYO;DataTrain602.png
602;AA4314HV;DataTrain603.png
603;B1937WJD;DataTrain604.png
604;B1033PQN;DataTrain605.png
605;A9529ZB;DataTrain606.png
606;AB2765LL;DataTrain607.png
607;B1691TMU;DataTrain608.png
608;B1390TMF;DataTrain609.png
609;AA510LE;DataTrain610.png
610;B1006UL;DataTrain611.png
611;B1786UJT;DataTrain612.png
612;AB5701ZJ;DataTrain613.png
613;B118GY;DataTrain614.png
614;B1819UL;DataTrain615.png
615;A7692KC;DataTrain616.png
616;B1946TKN;DataTrain617.png
617;B1439TJY;DataTrain618.png
618;B1592TJP;DataTrain619.png
619;B1289QO;DataTrain620.png
620;B1020SCZ;DataTrain621.png
621;B1439TJY;DataTrain622.png
622;AB6094XE;DataTrain623.png
623;B1160BH;DataTrain624.png
624;B1626KJM;DataTrain625.png
625;AB5410YQ;DataTrain626.png
626;AB7020RA;DataTrain627.png
627;B1509UN;DataTrain628.png
628;B1665WJD;DataTrain629.png
629;B1378EFZ;DataTrain630.png
630;B1980VD;DataTrain631.png
631;B1061PJT;DataTrain632.png
632;B1692EYC;DataTrain633.png
633;AD418U;DataTrain634.png
634;B1801TZS;DataTrain635.png
635;B1568VD;DataTrain636.png
636;B1430COI;DataTrain637.png
637;B1050VKK;DataTrain638.png
638;B1164EMZ;DataTrain639.png
639;B1470TLO;DataTrain640.png
640;B1547UIW;DataTrain641.png
641;B1879TFO;DataTrain642.png
642;B1802EOZ;DataTrain643.png
643;B1NTK;DataTrain644.png
644;B1980VD;DataTrain645.png
645;B1895WLT;DataTrain646.png
646;B1159TJF;DataTrain647.png
647;B1323NYX;DataTrain648.png
648;B1758KRX;DataTrain649.png
649;B1100SZO;DataTrain650.png
650;B1494BJK;DataTrain651.png
651;B1045WMU;DataTrain652.png
652;B1794PJG;DataTrain653.png
653;B1389TJT;DataTrain654.png
654;B1578SJL;DataTrain655.png
655;B1128BYT;DataTrain656.png
656;AB2613WC;DataTrain657.png
657;B1100SZD;DataTrain658.png
658;B1260UL;DataTrain659.png
659;B1074QO;DataTrain660.png
660;AD6118BFE;DataTrain661.png
661;B1080PED;DataTrain662.png
662;B1445TIF;DataTrain663.png
663;B1508EZE;DataTrain664.png
664;B1925SYG;DataTrain665.png
665;B1201QO;DataTrain666.png
666;AB8861FD;DataTrain667.png
667;B1073QO;DataTrain668.png
668;A5822BG;DataTrain669.png
669;B1578TJI;DataTrain670.png
670;B1253BAC;DataTrain671.png
671;B1713M;DataTrain672.png
672;B1031QO;DataTrain673.png
673;B1770TKL;DataTrain674.png
674;B1433UN;DataTrain675.png
675;B121PQO;DataTrain676.png
676;B1633BW;DataTrain677.png
677;AE7296XA;DataTrain678.png
678;B1672KVF;DataTrain679.png
679;B1815TJQ;DataTrain680.png
680;B1690ZKL;DataTrain681.png
681;B1252NZD;DataTrain682.png
682;B15MAH;DataTrain683.png
683;AB3351ZU;DataTrain684.png
684;B1560UN;DataTrain685.png
685;B1670TLR;DataTrain686.png
686;B1833TVG;DataTrain687.png
687;B1486RFS;DataTrain688.png
688;B1229EYO;DataTrain689.png
689;AB1195FX;DataTrain690.png
690;B1820UL;DataTrain691.png
691;AG8548EH;DataTrain692.png
692;B1102PZW;DataTrain693.png
693;B1682SJI;DataTrain694.png
694;AB4131ME;DataTrain695.png
695;B1963TFU;DataTrain696.png
696;A9529ZB;DataTrain697.png
697;B1058YEB;DataTrain698.png
698;B1658YU;DataTrain699.png
699;B1532NKY;DataTrain700.png
700;A7693KC;DataTrain701.png
701;B1408RX;DataTrain702.png
702;B1326TMS;DataTrain703.png
703;B1322BFD;DataTrain704.png
704;B1559UN;DataTrain705.png
705;B1339UL;DataTrain706.png
706;B1152ZLQ;DataTrain707.png
707;B1239TJP;DataTrain708.png
708;AB4150KE;DataTrain709.png
709;A9583B;DataTrain710.png
710;B1672KVF;DataTrain711.png
711;B1339RFD;DataTrain712.png
712;B1767TJR;DataTrain713.png
713;B178QO;DataTrain714.png
714;AB6019KK;DataTrain715.png
715;B1603BVK;DataTrain716.png
716;AD6259QQ;DataTrain717.png
717;B1817UL;DataTrain718.png
718;B1457TJI;DataTrain719.png
719;B1509POQ;DataTrain720.png
720;B1739TZI;DataTrain721.png
721;B1658KRF;DataTrain722.png
722;B1358VLP;DataTrain723.png
723;B1036EYB;DataTrain724.png
724;B017QO;DataTrain725.png
725;B1310EMS;DataTrain726.png
726;B1642TRW;DataTrain727.png
727;B1543VOS;DataTrain728.png
728;B1310SZL;DataTrain729.png
729;B1312SJO;DataTrain730.png
730;AD9112BZ;DataTrain731.png
731;B1047QO;DataTrain732.png
732;B1877TJV;DataTrain733.png
733;B1641VOR;DataTrain734.png
734;B1641KOT;DataTrain735.png
735;B1392TJV;DataTrain736.png
736;B1646EYO;DataTrain737.png
737;AB2231AT;DataTrain738.png
738;AD1558BN;DataTrain739.png
739;B1336PIZ;DataTrain740.png
740;B1860KQ;DataTrain741.png
741;B1690ZKL;DataTrain742.png
742;B1502UN;DataTrain743.png
743;B1757VKB;DataTrain744.png
744;B1038TZC;DataTrain745.png
745;B1614TJR;DataTrain746.png
746;AB6506CD;DataTrain747.png
747;AB6315SE;DataTrain748.png
748;B1278EJ;DataTrain749.png
749;AF1235FQ;DataTrain750.png
750;B1047QO;DataTrain751.png
751;B1977QZ;DataTrain752.png
752;B1481UJV;DataTrain753.png
753;B1076Y;DataTrain754.png
754;B1210DFO;DataTrain755.png
755;B1361TJS;DataTrain756.png
756;B1975FEA;DataTrain757.png
757;B1682PJN;DataTrain758.png
758;B1770TKL;DataTrain759.png
759;B13NST;DataTrain760.png
760;B1305UL;DataTrain761.png
761;AG5836RBV;DataTrain762.png
762;AD9077PR;DataTrain763.png
763;B1817UL;DataTrain764.png
764;B1502SYQ;DataTrain765.png
765;B1330NK;DataTrain766.png
766;B1877TJV;DataTrain767.png
767;B1738VFV;DataTrain768.png
768;AD9112BZ;DataTrain769.png
769;AB6018HU;DataTrain770.png
770;B1330NK;DataTrain771.png
771;B1719BYN;DataTrain772.png
772;AB1861XN;DataTrain773.png
773;A8014VA;DataTrain774.png
774;B1274BJB;DataTrain775.png
775;B1963TFU;DataTrain776.png
776;B1674TJK;DataTrain777.png
777;B1690BAC;DataTrain778.png
778;B1964VD;DataTrain779.png
779;B16BW;DataTrain780.png
780;A7703KC;DataTrain781.png
781;B1160RFK;DataTrain782.png
782;B1512NRN;DataTrain783.png
783;B1538ELS;DataTrain784.png
784;A1398BC;DataTrain785.png
785;B1559UN;DataTrain786.png
786;B1913TIS;DataTrain787.png
787;B1619UL;DataTrain788.png
788;AB1164PU;DataTrain789.png
789;AB1473RI;DataTrain790.png
790;B1802EOZ;DataTrain791.png
791;A8815VX;DataTrain792.png
792;B1187FJH;DataTrain793.png
793;AB1364AN;DataTrain794.png
794;B1269MA;DataTrain795.png
795;B1677EJC;DataTrain796.png
796;B1743VO;DataTrain797.png
797;AD1416YD;DataTrain798.png
798;AB5419TN;DataTrain799.png
799;AB6315SE;DataTrain800.png